node1_string_id,node2_string_id,node1,node2,ncbiTaxonId,combined_score,neighborhood_on_chromosome,gene_fusion,phylogenetic_cooccurrence,coexpression,experimentally_determined_interaction,database_annotated,automated_textmining
9606.ENSP00000259915,9606.ENSP00000479618,POU5F1,MYC,9606,0.9309999999999999,0,0,0,0.0,0.285,0.0,0.907
9606.ENSP00000259915,9606.ENSP00000363804,POU5F1,KLF4,9606,0.992,0,0,0,0.054000000000000006,0.17300000000000001,0.8,0.958
9606.ENSP00000259915,9606.ENSP00000297316,POU5F1,SOX17,9606,0.996,0,0,0,0.0,0.35200000000000004,0.0,0.995
9606.ENSP00000259915,9606.ENSP00000323588,POU5F1,SOX2,9606,0.9990000000000001,0,0,0,0.08900000000000001,0.991,0.8,0.996
9606.ENSP00000323588,9606.ENSP00000479618,SOX2,MYC,9606,0.992,0,0,0,0.0,0.057,0.9,0.9259999999999999
9606.ENSP00000323588,9606.ENSP00000363804,SOX2,KLF4,9606,0.993,0,0,0,0.0,0.10099999999999999,0.8,0.965
9606.ENSP00000363804,9606.ENSP00000479618,KLF4,MYC,9606,0.955,0,0,0,0.063,0.057999999999999996,0.0,0.953
